{
  "M": {
    "M": -1.2603623820268226,
    "E": -0.33344856811948514
  },
  "S": {
    "S": -0.6658631448798212,
    "B": -0.7211965654669841
  },
  "B": {
    "M": -0.916290731874155,
    "E": -0.51082562376599
  },
  "E": {
    "S": -0.8085250474669937,
    "B": -0.5897149736854513
  }
}